{
  "top1_acc": 0.531499981880188,
  "top5_acc": 0.7850000262260437,
  "top10_acc": 0.8726999759674072,
  "mean_class_acc": 0.11496681433171034
}