{
  "top1_acc": 0.5738999843597412,
  "top5_acc": 0.8120999932289124,
  "top10_acc": 0.891700029373169,
  "mean_class_acc": 0.17546041203072157
}