{
  "top1_acc": 0.053599998354911804,
  "top5_acc": 0.15299999713897705,
  "top10_acc": 0.22280000150203705,
  "mean_class_acc": 0.03782367361443383
}