{
  "clean": {
    "full_finetune": {
      "top1_acc": 0.48089998960494995,
      "top5_acc": 0.724399983882904,
      "top10_acc": 0.8090999722480774,
      "mean_class_acc": 0.23466695901872806,
      "loss": 2.447472840499878
    }
  },
  "gaussian_blur": {
    "full_finetune": {
      "top1_acc": 0.3154999911785126,
      "top5_acc": 0.5728999972343445,
      "top10_acc": 0.682200014591217,
      "mean_class_acc": 0.10967543216985326
    }
  },
  "brightness": {
    "full_finetune": {
      "top1_acc": 0.3240000009536743,
      "top5_acc": 0.5817999839782715,
      "top10_acc": 0.6873999834060669,
      "mean_class_acc": 0.12133944684769525
    }
  },
  "occlusion": {
    "full_finetune": {
      "top1_acc": 0.38179999589920044,
      "top5_acc": 0.6412000060081482,
      "top10_acc": 0.7425000071525574,
      "mean_class_acc": 0.15101787849481021
    }
  }
}