{
  "top1_acc": 0.6718000173568726,
  "top5_acc": 0.8813999891281128,
  "top10_acc": 0.9327999949455261,
  "mean_class_acc": 0.2910948834511675
}