{
  "top1_acc": 0.3154999911785126,
  "top5_acc": 0.5728999972343445,
  "top10_acc": 0.682200014591217,
  "mean_class_acc": 0.10967543216985326
}