{
  "top1_acc": 0.5929999947547913,
  "top5_acc": 0.809499979019165,
  "top10_acc": 0.887499988079071,
  "mean_class_acc": 0.22282978781947382
}