{
  "top1_acc": 0.7121000289916992,
  "top5_acc": 0.8974999785423279,
  "top10_acc": 0.9469000101089478,
  "mean_class_acc": 0.30883392914221053
}