{
  "top1_acc": 0.48089998960494995,
  "top5_acc": 0.724399983882904,
  "top10_acc": 0.8090999722480774,
  "mean_class_acc": 0.23466695901872806,
  "loss": 2.447472840499878
}