{
  "top1_acc": 0.6805999875068665,
  "top5_acc": 0.8835999965667725,
  "top10_acc": 0.9383000135421753,
  "mean_class_acc": 0.283898580467283
}