{
  "clean": {
    "zero_shot": {
      "top1_acc": 0.08739999681711197,
      "top5_acc": 0.20440000295639038,
      "top10_acc": 0.2824999988079071,
      "mean_class_acc": 0.05443265860634191
    },
    "linear_probe": {
      "top1_acc": 0.6055999994277954,
      "top5_acc": 0.8392999768257141,
      "top10_acc": 0.9097999930381775,
      "mean_class_acc": 0.15617574944027832
    }
  },
  "gaussian_blur": {
    "zero_shot": {
      "top1_acc": 0.06040000170469284,
      "top5_acc": 0.14110000431537628,
      "top10_acc": 0.20239999890327454,
      "mean_class_acc": 0.024304667344050748
    },
    "linear_probe": {
      "top1_acc": 0.48159998655319214,
      "top5_acc": 0.7501999735832214,
      "top10_acc": 0.8425999879837036,
      "mean_class_acc": 0.09587361573108605
    }
  },
  "brightness": {
    "zero_shot": {
      "top1_acc": 0.061400000005960464,
      "top5_acc": 0.14399999380111694,
      "top10_acc": 0.20909999310970306,
      "mean_class_acc": 0.03620038203928354
    },
    "linear_probe": {
      "top1_acc": 0.4932999908924103,
      "top5_acc": 0.7631999850273132,
      "top10_acc": 0.8519999980926514,
      "mean_class_acc": 0.10096520813448089
    }
  },
  "occlusion": {
    "zero_shot": {
      "top1_acc": 0.053599998354911804,
      "top5_acc": 0.15299999713897705,
      "top10_acc": 0.22280000150203705,
      "mean_class_acc": 0.03782367361443383
    },
    "linear_probe": {
      "top1_acc": 0.531499981880188,
      "top5_acc": 0.7850000262260437,
      "top10_acc": 0.8726999759674072,
      "mean_class_acc": 0.11496681433171034
    }
  }
}