{
  "top1_acc": 0.3240000009536743,
  "top5_acc": 0.5817999839782715,
  "top10_acc": 0.6873999834060669,
  "mean_class_acc": 0.12133944684769525
}