{
  "top1_acc": 0.4932999908924103,
  "top5_acc": 0.7631999850273132,
  "top10_acc": 0.8519999980926514,
  "mean_class_acc": 0.10096520813448089
}