{
  "top1_acc": 0.5278000235557556,
  "top5_acc": 0.7713000178337097,
  "top10_acc": 0.8640000224113464,
  "mean_class_acc": 0.13233614536910887
}