{
  "top1_acc": 0.061400000005960464,
  "top5_acc": 0.14399999380111694,
  "top10_acc": 0.20909999310970306,
  "mean_class_acc": 0.03620038203928354
}