{
  "top1_acc": 0.38179999589920044,
  "top5_acc": 0.6412000060081482,
  "top10_acc": 0.7425000071525574,
  "mean_class_acc": 0.15101787849481021
}