{
  "top1_acc": 0.6055999994277954,
  "top5_acc": 0.8392999768257141,
  "top10_acc": 0.9097999930381775,
  "mean_class_acc": 0.15617574944027832
}