{
  "top1_acc": 0.08739999681711197,
  "top5_acc": 0.20440000295639038,
  "top10_acc": 0.2824999988079071,
  "mean_class_acc": 0.05443265860634191
}