{
  "top1_acc": 0.48159998655319214,
  "top5_acc": 0.7501999735832214,
  "top10_acc": 0.8425999879837036,
  "mean_class_acc": 0.09587361573108605
}