{
  "top1_acc": 0.47200000286102295,
  "top5_acc": 0.7261999845504761,
  "top10_acc": 0.8269000053405762,
  "mean_class_acc": 0.11309558895939006
}