{
  "top1_acc": 0.06040000170469284,
  "top5_acc": 0.14110000431537628,
  "top10_acc": 0.20239999890327454,
  "mean_class_acc": 0.024304667344050748
}